<?xml version="1.0" encoding="UTF-8"?>
<beans xmlns="http://www.springframework.org/schema/beans"
	xmlns:xsi="http://www.w3.org/2001/XMLSchema-instance"
	xmlns:context="http://www.springframework.org/schema/context"
	xsi:schemaLocation="http://www.springframework.org/schema/beans http://www.springframework.org/schema/beans/spring-beans.xsd
		http://www.springframework.org/schema/context http://www.springframework.org/schema/context/spring-context.xsd">

	<!-- Bean name url handler mapping -->
	<!-- <bean class="org.springframework.web.servlet.handler.BeanNameUrlHandlerMapping" 
		/> <bean name="/home.htm" class="com.smd.controller.TraditionalController" 
		/> -->


	<!-- simple url handler mapping -->
<!-- 	<bean
		class="org.springframework.web.servlet.handler.SimpleUrlHandlerMapping">
		<property name="mappings">
			<value>
				/home.htm=id2
			</value>
		</property>
	</bean> -->
	<bean id="id1" class="com.smd.controller.TraditionalController" />
	<!-- If user don't want to include any logical operation on request and 
		redirect to some resource then user used UrlFilenameViewController that's 
		transform the virtual path of a URL into a view name and provide a view to 
		display as a user interface. -->
	<bean id="id2"
		class="org.springframework.web.servlet.mvc.UrlFilenameViewController" />

	<!-- default annotation handler mapping -->
	<context:component-scan base-package="com.smd.controller"/> 
		<bean class="org.springframework.web.servlet.mvc.annotation.DefaultAnnotationHandlerMapping" 
		/>
		
<!-- <bean id="pvc" class="org.springframework.web.servlet.mvc.ParameterizableViewController" >
	<property name="viewName" value="address" />
</bean> -->

	<bean
		class="org.springframework.web.servlet.view.InternalResourceViewResolver">
		<property name="prefix" value="/WEB-INF/views/" />
		<property name="suffix" value=".jsp" />
	</bean>
	
</beans>
